{
  "project_info": {
    "project_number": "923099564172",
    "project_id": "sharebook-219ef",
    "storage_bucket": "sharebook-219ef.appspot.com"
  },
  "client": [
    {
      "client_info": {
        "mobilesdk_app_id": "1:923099564172:android:e86cde7f7bf364d19c13a9",
        "android_client_info": {
          "package_name": "com.hasan.sharebook"
        }
      },
      "oauth_client": [],
      "api_key": [
        {
          "current_key": "AIzaSyBDYPz3dqFKeZkpgeH1ofYZGJiGHnzWD2Q"
        }
      ],
      "services": {
        "appinvite_service": {
          "other_platform_oauth_client": []
        }
      }
    }
  ],
  "configuration_version": "1"
}